Country Name,Country Code,Series Name,Series Code,2014 [YR2014],2015 [YR2015],2016 [YR2016],2017 [YR2017],2018 [YR2018],2019 [YR2019],2020 [YR2020],2021 [YR2021],2022 [YR2022],2023 [YR2023]
Afghanistan,AFG,"Children out of school, primary",SE.PRM.UNER,..,..,..,..,..,..,..,..,..,..
Albania,ALB,"Children out of school, primary",SE.PRM.UNER,..,..,1861,2720,2616,3377,5478,10049,14839,..
Algeria,DZA,"Children out of school, primary",SE.PRM.UNER,14227,12378,15313,9352,5209,5260,13261,8909,29307,46538
American Samoa,ASM,"Children out of school, primary",SE.PRM.UNER,..,..,..,..,..,..,..,..,..,..
Andorra,AND,"Children out of school, primary",SE.PRM.UNER,373,390,357,345,342,367,427,372,322,..
Angola,AGO,"Children out of school, primary",SE.PRM.UNER,..,..,..,..,..,..,..,..,..,..
Antigua and Barbuda,ATG,"Children out of school, primary",SE.PRM.UNER,37,80,110.76000213623,128,84,23.113000869751,..,..,..,..
Argentina,ARG,"Children out of school, primary",SE.PRM.UNER,32547,36786,21844,24868,27507,26727,36021,34663,..,..
Armenia,ARM,"Children out of school, primary",SE.PRM.UNER,2737,525,950,1383,1476,5465,8326,13300,15608,..
Aruba,ABW,"Children out of school, primary",SE.PRM.UNER,..,..,..,..,..,..,..,..,..,..
Australia,AUS,"Children out of school, primary",SE.PRM.UNER,1480,592,168,1273,4291,4836,13192,8348,6721,..
Austria,AUT,"Children out of school, primary",SE.PRM.UNER,4200,4351,6546,4410,4209,4146,3979,3232,5781,..
Azerbaijan,AZE,"Children out of school, primary",SE.PRM.UNER,3638,5980,4338,12166,24803,55687,54317,52916,27450,..
"Bahamas, The",BHS,"Children out of school, primary",SE.PRM.UNER,..,..,..,..,..,..,..,..,..,..
Bahrain,BHR,"Children out of school, primary",SE.PRM.UNER,434,419,445,599,1882,2798,..,..,10059,..
Bangladesh,BGD,"Children out of school, primary",SE.PRM.UNER,..,..,..,407072.1875,72080.7265625,..,..,..,..,..
Barbados,BRB,"Children out of school, primary",SE.PRM.UNER,1077,810,472,923,683,465,536,841,1272,..
Belarus,BLR,"Children out of school, primary",SE.PRM.UNER,20231,18474,17666,18734,22244,26868,28372,28438,28733,..
Belgium,BEL,"Children out of school, primary",SE.PRM.UNER,13738,14170,14994,10963,10723,10858,9921,11848,..,..
Belize,BLZ,"Children out of school, primary",SE.PRM.UNER,237,175,224,104,193,420,255,2670,4353,..
Benin,BEN,"Children out of school, primary",SE.PRM.UNER,60549,..,55365,55316,108261,199011,216214,162954,114877,..
Bermuda,BMU,"Children out of school, primary",SE.PRM.UNER,..,..,..,..,..,..,..,..,..,..
Bhutan,BTN,"Children out of school, primary",SE.PRM.UNER,..,11025,11289,11061,8776,..,4976,3534,4229,..
Bolivia,BOL,"Children out of school, primary",SE.PRM.UNER,155614,155958,145719,125129,101618,84476,71200,58725,47675,..
Bosnia and Herzegovina,BIH,"Children out of school, primary",SE.PRM.UNER,20901,20251,17677,15574,17135,..,22307,23643,24341,..
Botswana,BWA,"Children out of school, primary",SE.PRM.UNER,52690,..,..,..,..,..,..,71445,..,..
Brazil,BRA,"Children out of school, primary",SE.PRM.UNER,600337,658888,630849,619485,709047,612571,658477,768294,..,..
British Virgin Islands,VGB,"Children out of school, primary",SE.PRM.UNER,44,1,1,..,307,28,..,..,21,..
Brunei Darussalam,BRN,"Children out of school, primary",SE.PRM.UNER,74.5350036621094,258.981994628906,93.9929962158203,195.488998413086,361.89599609375,1676,1002,..,..,..
Bulgaria,BGR,"Children out of school, primary",SE.PRM.UNER,7280,8859,12289,16476,20117,26490,32728,36271,..,..
Burkina Faso,BFA,"Children out of school, primary",SE.PRM.UNER,1023277,1021974,886047,888518,848233,922460,1047596,1093912,1240018,..
Burundi,BDI,"Children out of school, primary",SE.PRM.UNER,96983,141303,177771,271114,341577,389499,391711,431613,456804,..
Cabo Verde,CPV,"Children out of school, primary",SE.PRM.UNER,6045,6356,6999,7464,7338,7286,7766,6905,..,..
Cambodia,KHM,"Children out of school, primary",SE.PRM.UNER,120656,98178,117988,132247,111583,98506,118187,159427,253273,..
Cameroon,CMR,"Children out of school, primary",SE.PRM.UNER,187532,178741,193248,265113,695710,358240,193153.609375,192493,175616,..
Canada,CAN,"Children out of school, primary",SE.PRM.UNER,11324,6729,34190,29345,23797,54453,56178,91895,..,..
Cayman Islands,CYM,"Children out of school, primary",SE.PRM.UNER,130.804992675781,384.153015136719,267.097991943359,220.585006713867,181,269,371,727,696,..
Central African Republic,CAF,"Children out of school, primary",SE.PRM.UNER,..,..,..,140699,..,..,..,..,..,..
Chad,TCD,"Children out of school, primary",SE.PRM.UNER,..,512100,700563,885415,755466,808970,..,785910,804214,..
Channel Islands,CHI,"Children out of school, primary",SE.PRM.UNER,..,..,..,..,..,..,..,..,..,..
Chile,CHL,"Children out of school, primary",SE.PRM.UNER,42632,39559,36474,34398,28869,24658,35186,33577,19938,..
China,CHN,"Children out of school, primary",SE.PRM.UNER,..,..,..,..,..,..,..,..,..,..
Colombia,COL,"Children out of school, primary",SE.PRM.UNER,..,131741,201303,156491,180919,193970,238138,274954,289296,..
Comoros,COM,"Children out of school, primary",SE.PRM.UNER,9423,..,..,10766,14791,..,..,..,..,..
"Congo, Dem. Rep.",COD,"Children out of school, primary",SE.PRM.UNER,..,..,..,..,..,..,..,..,..,..
"Congo, Rep.",COG,"Children out of school, primary",SE.PRM.UNER,..,393205,..,..,188172,..,..,..,..,..
Costa Rica,CRI,"Children out of school, primary",SE.PRM.UNER,22764,26205,25018,30759,16668,13067,17880,20873,21213,..
Cote d'Ivoire,CIV,"Children out of school, primary",SE.PRM.UNER,1162501,1071248,730548,704168,531743,488219,421374,461941,438977,255973
Croatia,HRV,"Children out of school, primary",SE.PRM.UNER,2329,2337,2904,2415,2515,3317,3138,3137,..,..
Cuba,CUB,"Children out of school, primary",SE.PRM.UNER,17298,20101,19546,21567,21064,19330,15970,16309,32949,..
Curacao,CUW,"Children out of school, primary",SE.PRM.UNER,..,..,..,..,..,..,47,..,..,..
Cyprus,CYP,"Children out of school, primary",SE.PRM.UNER,1217,758,961,754,329,295,241,39,..,..
Czechia,CZE,"Children out of school, primary",SE.PRM.UNER,8735,11683,14425,17219,12319,10921,8739,8684,..,..
Denmark,DNK,"Children out of school, primary",SE.PRM.UNER,2850,2904,3160,2634,1772,1854,1599,2078,2548,..
Djibouti,DJI,"Children out of school, primary",SE.PRM.UNER,53528,59329,62035,59149,56366,50535,48923,47713,46432,..
Dominica,DMA,"Children out of school, primary",SE.PRM.UNER,41,218,261,..,..,934,752,811,776,..
Dominican Republic,DOM,"Children out of school, primary",SE.PRM.UNER,88257,46019,49157,59410,64074,44717,45342,119266,86746,..
Ecuador,ECU,"Children out of school, primary",SE.PRM.UNER,18014,16736,18185,19486,22868,25908,29634,56914,70043,..
"Egypt, Arab Rep.",EGY,"Children out of school, primary",SE.PRM.UNER,1120588,..,774836,680258,555951,345486,173745,66544,..,..
El Salvador,SLV,"Children out of school, primary",SE.PRM.UNER,47814,51537,56092,..,..,..,..,..,..,..
Equatorial Guinea,GNQ,"Children out of school, primary",SE.PRM.UNER,..,109354,..,..,..,..,..,..,..,..
Eritrea,ERI,"Children out of school, primary",SE.PRM.UNER,177558,185509,..,210466,211207,217821,..,..,..,..
Estonia,EST,"Children out of school, primary",SE.PRM.UNER,1933,2237,2091,2124,2142,2067,2023,1912,1613,..
Eswatini,SWZ,"Children out of school, primary",SE.PRM.UNER,22003,22127,21380,24387,22145,20472,..,..,..,..
Ethiopia,ETH,"Children out of school, primary",SE.PRM.UNER,2704516,2942915,..,..,..,..,..,4446762,4326212,..
Faroe Islands,FRO,"Children out of school, primary",SE.PRM.UNER,..,..,..,..,..,..,..,..,..,..
Fiji,FJI,"Children out of school, primary",SE.PRM.UNER,9767,7006,3579,2482.65209960938,1895.51293945312,..,2169,..,2908.83203125,..
Finland,FIN,"Children out of school, primary",SE.PRM.UNER,4720,5717,5890,6695,6738,8304,7070,5088,7353,..
France,FRA,"Children out of school, primary",SE.PRM.UNER,56322,21490,7005,2457,618,4882,1690,3961,1333,..
French Polynesia,PYF,"Children out of school, primary",SE.PRM.UNER,..,..,..,..,..,..,..,..,..,..
Gabon,GAB,"Children out of school, primary",SE.PRM.UNER,..,..,..,..,..,76320,..,..,..,..
"Gambia, The",GMB,"Children out of school, primary",SE.PRM.UNER,136684,123121,122922,118015,115164,105036,99078,102637,102914,104508
Georgia,GEO,"Children out of school, primary",SE.PRM.UNER,5250,3714,3940,3294,3083,2795,2005,1011,4376,7885
Germany,DEU,"Children out of school, primary",SE.PRM.UNER,34341,24047,49857,31356,25345,27953,35069,43851,..,..
Ghana,GHA,"Children out of school, primary",SE.PRM.UNER,720563,654703,791181,362247,427057,320592,565771,547863,..,..
Gibraltar,GIB,"Children out of school, primary",SE.PRM.UNER,..,..,..,..,..,..,..,..,..,..
Greece,GRC,"Children out of school, primary",SE.PRM.UNER,13691,14012,9130,12488,18024,18176,17132,15821,..,..
Greenland,GRL,"Children out of school, primary",SE.PRM.UNER,..,..,..,..,..,..,..,..,..,..
Grenada,GRD,"Children out of school, primary",SE.PRM.UNER,136,149,266,..,1184,..,..,3083,..,..
Guam,GUM,"Children out of school, primary",SE.PRM.UNER,..,..,..,..,..,..,..,..,..,..
Guatemala,GTM,"Children out of school, primary",SE.PRM.UNER,212849,224221,246387,229971,208885,213999,211505,181414,178653,..
Guinea,GIN,"Children out of school, primary",SE.PRM.UNER,316089,462088,366716,..,304429,336769,283146,391096,..,..
Guinea-Bissau,GNB,"Children out of school, primary",SE.PRM.UNER,..,..,..,..,..,..,..,..,..,..
Guyana,GUY,"Children out of school, primary",SE.PRM.UNER,..,..,..,..,..,..,15206,15777,..,..
Haiti,HTI,"Children out of school, primary",SE.PRM.UNER,..,..,..,..,..,..,..,..,..,..
Honduras,HND,"Children out of school, primary",SE.PRM.UNER,290330,284763,274480,257593,237868,234549,245074,278896,..,..
"Hong Kong SAR, China",HKG,"Children out of school, primary",SE.PRM.UNER,2426,2776,2271,740,441,246,2372,3587,3060,..
Hungary,HUN,"Children out of school, primary",SE.PRM.UNER,13786,16823,19811,19363,17232,16426,15815,13998,..,..
Iceland,ISL,"Children out of school, primary",SE.PRM.UNER,356,389,327,345,361,395,474,476,..,..
India,IND,"Children out of school, primary",SE.PRM.UNER,..,..,5010197.5,7328295,7721149.5,8894878,4873048.5,2758325.75,180671.84375,1722439.875
Indonesia,IDN,"Children out of school, primary",SE.PRM.UNER,653227,..,1363992,1463398,1964751,481432.59375,760311.25,407290.625,345715.9375,..
"Iran, Islamic Rep.",IRN,"Children out of school, primary",SE.PRM.UNER,33643,37795,118211,66293,..,77561,167070,..,..,..
Iraq,IRQ,"Children out of school, primary",SE.PRM.UNER,..,..,..,..,..,..,..,..,..,..
Ireland,IRL,"Children out of school, primary",SE.PRM.UNER,197,263,64,159,10,773,238,4254,..,..
Isle of Man,IMN,"Children out of school, primary",SE.PRM.UNER,..,..,..,..,..,..,..,..,..,..
Israel,ISR,"Children out of school, primary",SE.PRM.UNER,20730,23041,23989,30246,32954,36904,38897,37652,..,..
Italy,ITA,"Children out of school, primary",SE.PRM.UNER,35016,42573,47289,46298,43886,44021,39964,41930,..,..
Jamaica,JAM,"Children out of school, primary",SE.PRM.UNER,..,..,..,..,..,..,33332,39784,22505,..
Japan,JPN,"Children out of school, primary",SE.PRM.UNER,6711,9398,6095,3207,5893,5422,8410,1885,..,..
Jordan,JOR,"Children out of school, primary",SE.PRM.UNER,..,..,..,..,..,..,..,..,..,..
Kazakhstan,KAZ,"Children out of school, primary",SE.PRM.UNER,28014,37161,51989,31876,28252,21267,123313,136287,136657,68819
Kenya,KEN,"Children out of school, primary",SE.PRM.UNER,..,..,..,..,..,..,..,..,..,..
Kiribati,KIR,"Children out of school, primary",SE.PRM.UNER,96,277,161,507,..,..,802,..,..,..
"Korea, Dem. People's Rep.",PRK,"Children out of school, primary",SE.PRM.UNER,..,..,..,..,..,..,..,..,..,..
"Korea, Rep.",KOR,"Children out of school, primary",SE.PRM.UNER,81037,4439,19406,51373,51348,25087,37706,39299,29036,..
Kosovo,XKX,"Children out of school, primary",SE.PRM.UNER,..,..,..,..,..,..,..,..,..,..
Kuwait,KWT,"Children out of school, primary",SE.PRM.UNER,16708,7650,..,..,..,..,..,..,..,..
Kyrgyz Republic,KGZ,"Children out of school, primary",SE.PRM.UNER,8103,9453,9935,11496,6937,13016,25824,32024,37815,4662
Lao PDR,LAO,"Children out of school, primary",SE.PRM.UNER,29142,36716,40045,46787,49168,45921,45334,44312,60444,..
Latvia,LVA,"Children out of school, primary",SE.PRM.UNER,2262,2406,2107,1854,1382,1421,1566,1525,1724,..
Lebanon,LBN,"Children out of school, primary",SE.PRM.UNER,..,..,..,..,..,..,..,..,..,..
Lesotho,LSO,"Children out of school, primary",SE.PRM.UNER,44983,45877,43461,37641,..,..,..,..,89723,96950
Liberia,LBR,"Children out of school, primary",SE.PRM.UNER,83486,..,156810,207887,..,..,259468,..,..,..
Libya,LBY,"Children out of school, primary",SE.PRM.UNER,..,..,..,..,..,..,..,..,..,..
Liechtenstein,LIE,"Children out of school, primary",SE.PRM.UNER,44,1,6,3,3,2,11,16,..,..
Lithuania,LTU,"Children out of school, primary",SE.PRM.UNER,72,87,108,247,201,116,131,307,..,..
Luxembourg,LUX,"Children out of school, primary",SE.PRM.UNER,1100,969,985,1280,960,589,647,681,..,..
"Macao SAR, China",MAC,"Children out of school, primary",SE.PRM.UNER,1111,1032,639,721,656,2074,3591,5067,7072,..
Madagascar,MDG,"Children out of school, primary",SE.PRM.UNER,64714.2421875,67570.65625,70601.28125,74824.578125,79077,207817,119030,..,..,..
Malawi,MWI,"Children out of school, primary",SE.PRM.UNER,..,..,..,..,..,..,..,..,..,..
Malaysia,MYS,"Children out of school, primary",SE.PRM.UNER,141826,150723,139324,114106,86421,128231,107104,121231,145204,..
Maldives,MDV,"Children out of school, primary",SE.PRM.UNER,1898,1209.0439453125,1736,2006,1675,1482,1091,..,..,..
Mali,MLI,"Children out of school, primary",SE.PRM.UNER,1172333,1300528,1305793,1186318,1502333,..,..,..,..,..
Malta,MLT,"Children out of school, primary",SE.PRM.UNER,280,306,321,274,229,626,1015,1431,1988,..
Marshall Islands,MHL,"Children out of school, primary",SE.PRM.UNER,..,464,270,..,..,77,220,168,142,..
Mauritania,MRT,"Children out of school, primary",SE.PRM.UNER,179402,..,223427,203146,198642,228206,..,..,..,..
Mauritius,MUS,"Children out of school, primary",SE.PRM.UNER,2014,1687,936,1084,431,779,536,2675,..,..
Mexico,MEX,"Children out of school, primary",SE.PRM.UNER,42418,42584,42015,44745,34220,42275,38701,44228,45259,..
"Micronesia, Fed. Sts.",FSM,"Children out of school, primary",SE.PRM.UNER,1833,2528,1663,1761,682.523010253906,1240,2347,2219,2204,..
Moldova,MDA,"Children out of school, primary",SE.PRM.UNER,264,583,811,861,844,2537,1034,433,459,..
Monaco,MCO,"Children out of school, primary",SE.PRM.UNER,..,..,..,..,..,..,..,..,..,..
Mongolia,MNG,"Children out of school, primary",SE.PRM.UNER,12182,12416,10379,13035,10128,13413,17711,20249,20338,..
Montenegro,MNE,"Children out of school, primary",SE.PRM.UNER,..,449,1427,1036,1152,300,326,517,39,..
Morocco,MAR,"Children out of school, primary",SE.PRM.UNER,250751,..,245211,197757,128471,74612,13583,13854,21600,..
Mozambique,MOZ,"Children out of school, primary",SE.PRM.UNER,242734,182016,264388,363333,178872,75413,50903,..,65327,..
Myanmar,MMR,"Children out of school, primary",SE.PRM.UNER,..,..,..,..,..,..,..,..,..,..
Namibia,NAM,"Children out of school, primary",SE.PRM.UNER,..,1542.33801269531,..,..,..,..,..,..,..,..
Nauru,NRU,"Children out of school, primary",SE.PRM.UNER,132,..,143,..,..,68,440,..,219,..
Nepal,NPL,"Children out of school, primary",SE.PRM.UNER,52575,48462,34135,58844,..,..,..,39278.19921875,29764.8359375,105716.234375
Netherlands,NLD,"Children out of school, primary",SE.PRM.UNER,..,..,..,2274,2928,1416,1937,2114,..,..
New Caledonia,NCL,"Children out of school, primary",SE.PRM.UNER,..,..,..,..,..,..,..,..,..,..
New Zealand,NZL,"Children out of school, primary",SE.PRM.UNER,3379,4386,4575,4918,5066,3851,5130,5306,..,..
Nicaragua,NIC,"Children out of school, primary",SE.PRM.UNER,..,..,..,..,..,..,..,..,..,..
Niger,NER,"Children out of school, primary",SE.PRM.UNER,1158997,1144529,1146191,1078179,1577957,1453769,..,1607171,1667236,1841848
Nigeria,NGA,"Children out of school, primary",SE.PRM.UNER,..,..,..,..,..,..,..,..,..,..
North Macedonia,MKD,"Children out of school, primary",SE.PRM.UNER,8844,4022,..,4648,5337,9845,9462,9980,10526,..
Northern Mariana Islands,MNP,"Children out of school, primary",SE.PRM.UNER,..,..,..,..,..,..,..,..,..,..
Norway,NOR,"Children out of school, primary",SE.PRM.UNER,1788,2390,3052,2918,3394,3769,4662,4216,..,..
Oman,OMN,"Children out of school, primary",SE.PRM.UNER,6119,12091,15015,9993,3745,7969,34075,37938,40605,..
Pakistan,PAK,"Children out of school, primary",SE.PRM.UNER,..,..,..,..,..,..,..,7684793,..,..
Palau,PLW,"Children out of school, primary",SE.PRM.UNER,82,..,..,..,..,..,42,31,..,..
Panama,PAN,"Children out of school, primary",SE.PRM.UNER,37497,44668,..,57668,..,51939,49945,19756,..,..
Papua New Guinea,PNG,"Children out of school, primary",SE.PRM.UNER,..,..,141127,..,16623,..,..,..,..,..
Paraguay,PRY,"Children out of school, primary",SE.PRM.UNER,..,..,92549,..,..,..,92752,92806,91610,..
Peru,PER,"Children out of school, primary",SE.PRM.UNER,..,..,77700,148636,137484,61511,9053,3001,9176,..
Philippines,PHL,"Children out of school, primary",SE.PRM.UNER,737647,799504,913638,971896,1007092,845764,826193,1455079,1339277,..
Poland,POL,"Children out of school, primary",SE.PRM.UNER,90018,..,..,114695,110315,83029,23857,3160,968,..
Portugal,PRT,"Children out of school, primary",SE.PRM.UNER,873,7521,10783,10838,8607,4210,1224,402,..,..
Puerto Rico,PRI,"Children out of school, primary",SE.PRM.UNER,9743,6713,15601,..,9925,..,..,..,..,..
Qatar,QAT,"Children out of school, primary",SE.PRM.UNER,7541,5093,2268,121,953,2887,3403,..,..,..
Romania,ROU,"Children out of school, primary",SE.PRM.UNER,..,86119,95932,99956,87591,76877,75254,92551,..,..
Russian Federation,RUS,"Children out of school, primary",SE.PRM.UNER,163509,49972,43139,4815,6396,1232,26154,26811,139533,..
Rwanda,RWA,"Children out of school, primary",SE.PRM.UNER,..,..,102454,117677,139090,162562,..,174116,..,..
Samoa,WSM,"Children out of school, primary",SE.PRM.UNER,470,14.0719995498657,271.894989013672,88.5940017700195,376.559997558594,482,1779,382.213012695312,330.290985107422,..
San Marino,SMR,"Children out of school, primary",SE.PRM.UNER,..,..,..,..,..,62,62,40,38,..
Sao Tome and Principe,STP,"Children out of school, primary",SE.PRM.UNER,2919,3188,..,1199,..,..,..,..,..,..
Saudi Arabia,SAU,"Children out of school, primary",SE.PRM.UNER,131564,76527,78921,..,..,..,83195,89631,74973,..
Senegal,SEN,"Children out of school, primary",SE.PRM.UNER,553510,565585,..,..,..,640524,620532,709093,741881,..
Serbia,SRB,"Children out of school, primary",SE.PRM.UNER,804,364,814,1662,3403,4914,6651,9820,32502,..
Seychelles,SYC,"Children out of school, primary",SE.PRM.UNER,3,8,241,278,247,366,321,343,200,..
Sierra Leone,SLE,"Children out of school, primary",SE.PRM.UNER,..,16204,20421,..,..,..,..,..,..,..
Singapore,SGP,"Children out of school, primary",SE.PRM.UNER,1161.1650390625,555.179992675781,24,72,476,236,268,1520,..,..
Sint Maarten (Dutch part),SXM,"Children out of school, primary",SE.PRM.UNER,..,..,..,..,..,..,..,..,..,..
Slovak Republic,SVK,"Children out of school, primary",SE.PRM.UNER,13766,13763,15084,13637,16561,14191,11607,10060,6651,..
Slovenia,SVN,"Children out of school, primary",SE.PRM.UNER,2175,2011,2694,2606,1962,1705,1338,2011,1596,..
Solomon Islands,SLB,"Children out of school, primary",SE.PRM.UNER,872,1192,..,..,5337,6800,..,..,..,..
Somalia,SOM,"Children out of school, primary",SE.PRM.UNER,..,..,..,..,..,..,..,..,..,..
South Africa,ZAF,"Children out of school, primary",SE.PRM.UNER,..,352328,..,281533,588488,620606,740266,568104,..,..
South Sudan,SSD,"Children out of school, primary",SE.PRM.UNER,..,1119759,..,..,..,..,..,..,..,..
Spain,ESP,"Children out of school, primary",SE.PRM.UNER,82113,89453,87042,80898,72907,60574,53226,52881,..,..
Sri Lanka,LKA,"Children out of school, primary",SE.PRM.UNER,115935,70456,57926,3422.46411132812,102.91300201416,64330,46742,55438,..,..
St. Kitts and Nevis,KNA,"Children out of school, primary",SE.PRM.UNER,..,..,..,..,..,..,..,..,..,..
St. Lucia,LCA,"Children out of school, primary",SE.PRM.UNER,1341,1102,1141,1084,961,798,769,549,311,..
St. Martin (French part),MAF,"Children out of school, primary",SE.PRM.UNER,..,..,..,..,..,..,..,..,..,..
St. Vincent and the Grenadines,VCT,"Children out of school, primary",SE.PRM.UNER,..,..,..,..,..,..,..,..,188.910003662109,..
Sudan,SDN,"Children out of school, primary",SE.PRM.UNER,2330781,2410734,2420721,2423403,2229308,..,..,..,..,..
Suriname,SUR,"Children out of school, primary",SE.PRM.UNER,11849,10696,9814,12121,11675,10254,9487,12589,..,..
Sweden,SWE,"Children out of school, primary",SE.PRM.UNER,8227,5305,2759,1099,3375,5585,5106,3811,4274,..
Switzerland,CHE,"Children out of school, primary",SE.PRM.UNER,59,157,425,629,661,542,713,1236,1399,..
Syrian Arab Republic,SYR,"Children out of school, primary",SE.PRM.UNER,..,..,..,..,..,..,1080112,1035397,844389,643032
Tajikistan,TJK,"Children out of school, primary",SE.PRM.UNER,67131,61936,52193,32220,..,..,..,..,..,..
Tanzania,TZA,"Children out of school, primary",SE.PRM.UNER,1669207,1971919,1719050,1801871,2106334,1886139,1934166,1745627,..,..
Thailand,THA,"Children out of school, primary",SE.PRM.UNER,..,..,..,135665.5625,137587,89408,123061,81923,10441.9990234375,106430
Timor-Leste,TLS,"Children out of school, primary",SE.PRM.UNER,12735,12549,12989,8533,10250,10666,9244,..,..,..
Togo,TGO,"Children out of school, primary",SE.PRM.UNER,86230,67702,100419,102338,85416,64600,14917,13619,12961,..
Tonga,TON,"Children out of school, primary",SE.PRM.UNER,69.3290023803711,136.315002441406,..,..,60.875,198,203.128005981445,242.742004394531,100.035003662109,..
Trinidad and Tobago,TTO,"Children out of school, primary",SE.PRM.UNER,..,..,..,..,..,..,..,..,..,..
Tunisia,TUN,"Children out of school, primary",SE.PRM.UNER,9497,9608,10430,10003,9836,..,7770,13122,21781,..
Turkiye,TUR,"Children out of school, primary",SE.PRM.UNER,13915,67914,92179,36009,10494,10253,11545,11341,..,..
Turkmenistan,TKM,"Children out of school, primary",SE.PRM.UNER,..,..,..,..,..,..,..,..,..,..
Turks and Caicos Islands,TCA,"Children out of school, primary",SE.PRM.UNER,359,257,..,182.550994873047,..,..,..,136.542999267578,..,..
Tuvalu,TUV,"Children out of school, primary",SE.PRM.UNER,36,10.2239999771118,6,..,..,150,122,16,38,..
Uganda,UGA,"Children out of school, primary",SE.PRM.UNER,476464,1067661,918236,966780,..,..,..,..,..,..
Ukraine,UKR,"Children out of school, primary",SE.PRM.UNER,199859,279279,297505,306822,318078,311587,309449,299855,..,..
United Arab Emirates,ARE,"Children out of school, primary",SE.PRM.UNER,..,..,..,5876,..,9582,4009,..,..,..
United Kingdom,GBR,"Children out of school, primary",SE.PRM.UNER,80363,86811,102263,107102,116634,122703,150458,1026,152626,..
United States,USA,"Children out of school, primary",SE.PRM.UNER,..,446256,88850,104711,141533,224977,489065,996160,965853,..
Uruguay,URY,"Children out of school, primary",SE.PRM.UNER,13537,1703,98,714,449,1470,1026,562,889.8740234375,..
Uzbekistan,UZB,"Children out of school, primary",SE.PRM.UNER,54381,20418,10254.8291015625,10911.1318359375,9516.6005859375,3956.35888671875,19324,44388,99927,106711
Vanuatu,VUT,"Children out of school, primary",SE.PRM.UNER,..,2036,..,..,..,3193,4171,2451,4160,..
"Venezuela, RB",VEN,"Children out of school, primary",SE.PRM.UNER,224450,249592,353247,435055,..,..,..,..,..,..
Viet Nam,VNM,"Children out of school, primary",SE.PRM.UNER,51109.31640625,24493.85546875,..,..,..,..,..,..,..,..
Virgin Islands (U.S.),VIR,"Children out of school, primary",SE.PRM.UNER,..,..,..,..,..,..,..,..,..,..
West Bank and Gaza,PSE,"Children out of school, primary",SE.PRM.UNER,30585,29552,26545,19838,22513,26394,31400,41961,50503,..
"Yemen, Rep.",YEM,"Children out of school, primary",SE.PRM.UNER,..,..,1133582,..,..,..,..,..,..,..
Zambia,ZMB,"Children out of school, primary",SE.PRM.UNER,..,..,..,478135,..,..,..,..,..,..
Zimbabwe,ZWE,"Children out of school, primary",SE.PRM.UNER,170698,397065,372311,430346,423080,424812,399790,189407,171679,..
Africa Eastern and Southern,AFE,"Children out of school, primary",SE.PRM.UNER,..,..,..,..,..,..,..,..,..,..
Africa Western and Central,AFW,"Children out of school, primary",SE.PRM.UNER,..,..,..,..,..,..,..,..,..,..
Arab World,ARB,"Children out of school, primary",SE.PRM.UNER,..,..,..,..,..,..,..,..,..,..
Caribbean small states,CSS,"Children out of school, primary",SE.PRM.UNER,..,..,..,..,..,..,..,..,..,..
Central Europe and the Baltics,CEB,"Children out of school, primary",SE.PRM.UNER,..,..,..,..,..,..,..,..,..,..
Early-demographic dividend,EAR,"Children out of school, primary",SE.PRM.UNER,..,..,..,..,..,..,..,..,..,..
East Asia & Pacific,EAS,"Children out of school, primary",SE.PRM.UNER,..,..,..,..,..,..,..,..,..,..
East Asia & Pacific (excluding high income),EAP,"Children out of school, primary",SE.PRM.UNER,..,..,..,..,..,..,..,..,..,..
East Asia & Pacific (IDA & IBRD countries),TEA,"Children out of school, primary",SE.PRM.UNER,..,..,..,..,..,..,..,..,..,..
Euro area,EMU,"Children out of school, primary",SE.PRM.UNER,..,..,..,..,..,..,..,..,..,..
Europe & Central Asia,ECS,"Children out of school, primary",SE.PRM.UNER,..,..,..,..,..,..,..,..,..,..
Europe & Central Asia (excluding high income),ECA,"Children out of school, primary",SE.PRM.UNER,..,..,..,..,..,..,..,..,..,..
Europe & Central Asia (IDA & IBRD countries),TEC,"Children out of school, primary",SE.PRM.UNER,..,..,..,..,..,..,..,..,..,..
European Union,EUU,"Children out of school, primary",SE.PRM.UNER,..,..,..,..,..,..,..,..,..,..
Fragile and conflict affected situations,FCS,"Children out of school, primary",SE.PRM.UNER,..,..,..,..,..,..,..,..,..,..
Heavily indebted poor countries (HIPC),HPC,"Children out of school, primary",SE.PRM.UNER,..,..,..,..,..,..,..,..,..,..
High income,HIC,"Children out of school, primary",SE.PRM.UNER,1720590,1654165,1608635,1577365,1537385,1502080,1459205,1414600,1371690,1361610
IBRD only,IBD,"Children out of school, primary",SE.PRM.UNER,..,..,..,..,..,..,..,..,..,..
IDA & IBRD total,IBT,"Children out of school, primary",SE.PRM.UNER,..,..,..,..,..,..,..,..,..,..
IDA blend,IDB,"Children out of school, primary",SE.PRM.UNER,..,..,..,..,..,..,..,..,..,..
IDA only,IDX,"Children out of school, primary",SE.PRM.UNER,..,..,..,..,..,..,..,..,..,..
IDA total,IDA,"Children out of school, primary",SE.PRM.UNER,..,..,..,..,..,..,..,..,..,..
Late-demographic dividend,LTE,"Children out of school, primary",SE.PRM.UNER,..,..,..,..,..,..,..,..,..,..
Latin America & Caribbean,LCN,"Children out of school, primary",SE.PRM.UNER,..,..,..,..,..,..,..,..,..,..
Latin America & Caribbean (excluding high income),LAC,"Children out of school, primary",SE.PRM.UNER,..,..,..,..,..,..,..,..,..,..
Latin America & the Caribbean (IDA & IBRD countries),TLA,"Children out of school, primary",SE.PRM.UNER,..,..,..,..,..,..,..,..,..,..
Least developed countries: UN classification,LDC,"Children out of school, primary",SE.PRM.UNER,..,..,..,..,..,..,..,..,..,..
Low & middle income,LMY,"Children out of school, primary",SE.PRM.UNER,..,..,..,..,..,..,..,..,..,..
Low income,LIC,"Children out of school, primary",SE.PRM.UNER,23376800,23599600,23885700,24192550,24637000,25062500,25418000,25768550,26697450,27033400
Lower middle income,LMC,"Children out of school, primary",SE.PRM.UNER,43939952,42789300,41530648,40270200,38826300,37393448,35971048,35048352,34345648,33946752
Middle East & North Africa,MEA,"Children out of school, primary",SE.PRM.UNER,..,..,..,..,..,..,..,..,..,..
Middle East & North Africa (excluding high income),MNA,"Children out of school, primary",SE.PRM.UNER,..,..,..,..,..,..,..,..,..,..
Middle East & North Africa (IDA & IBRD countries),TMN,"Children out of school, primary",SE.PRM.UNER,..,..,..,..,..,..,..,..,..,..
Middle income,MIC,"Children out of school, primary",SE.PRM.UNER,..,..,..,..,..,..,..,..,..,..
North America,NAC,"Children out of school, primary",SE.PRM.UNER,..,..,..,..,..,..,..,..,..,..
Not classified,INX,"Children out of school, primary",SE.PRM.UNER,..,..,..,..,..,..,..,..,..,..
OECD members,OED,"Children out of school, primary",SE.PRM.UNER,..,..,..,..,..,..,..,..,..,..
Other small states,OSS,"Children out of school, primary",SE.PRM.UNER,..,..,..,..,..,..,..,..,..,..
Pacific island small states,PSS,"Children out of school, primary",SE.PRM.UNER,..,..,..,..,..,..,..,..,..,..
Post-demographic dividend,PST,"Children out of school, primary",SE.PRM.UNER,..,..,..,..,..,..,..,..,..,..
Pre-demographic dividend,PRE,"Children out of school, primary",SE.PRM.UNER,..,..,..,..,..,..,..,..,..,..
Small states,SST,"Children out of school, primary",SE.PRM.UNER,..,..,..,..,..,..,..,..,..,..
South Asia,SAS,"Children out of school, primary",SE.PRM.UNER,..,..,..,..,..,..,..,..,..,..
South Asia (IDA & IBRD),TSA,"Children out of school, primary",SE.PRM.UNER,..,..,..,..,..,..,..,..,..,..
Sub-Saharan Africa,SSF,"Children out of school, primary",SE.PRM.UNER,..,..,..,..,..,..,..,..,..,..
Sub-Saharan Africa (excluding high income),SSA,"Children out of school, primary",SE.PRM.UNER,..,..,..,..,..,..,..,..,..,..
Sub-Saharan Africa (IDA & IBRD countries),TSS,"Children out of school, primary",SE.PRM.UNER,..,..,..,..,..,..,..,..,..,..
Upper middle income,UMC,"Children out of school, primary",SE.PRM.UNER,6913015,7132215,7256345,7382580,7587990,7813180,8057285,8182365,8397830,8492840
World,WLD,"Children out of school, primary",SE.PRM.UNER,..,..,..,..,..,..,..,..,..,..
,,,,,,,,,,,,,
,,,,,,,,,,,,,
,,,,,,,,,,,,,
Data from database: World Development Indicators,,,,,,,,,,,,,
Last Updated: 09/19/2024,,,,,,,,,,,,,
